SNP1,SNP2,Exclude,
243509,378832,0,
246413,381736,0,
250806,386129,0,
19660,254111,1,not shared change (indel weirdness)
260377,395698,0,
262537,397858,0,
264838,400159,0,
269196,404517,0,
273332,408653,0,
273576,408897,0,
279251,414572,0,indel. Only count once
279251,414572,1,
279251,414572,1,
279251,414572,1,
279251,414572,1,
279251,414572,1,
279251,414572,1,
279251,414572,1,
279251,414572,1,
279251,414572,1,
279251,414572,1,
279251,414572,1,
279251,414572,1,
279251,414572,1,
279251,414572,1,
279251,414572,1,
279251,414572,1,
279251,414572,1,
279251,414572,1,
279251,414572,1,
279251,414572,1,
279251,414572,1,
279251,414572,1,
279251,414572,1,
279251,414572,1,
279251,414572,1,
279251,414572,1,
279251,414572,1,
279251,414572,1,
53992,288413,0,
54278,288699,0,
61953,296318,0,
64026,298391,0,
82695,452435,1,homopolymer
318221,453596,0,
331084,466461,0,
202237,337560,0,
206947,342270,0,
207801,343124,0,
211459,346783,0,
211753,347077,0,
214312,349637,0,indel. Only count once
214312,349637,1,
214312,349637,1,
214312,349637,1,
214312,349637,1,
214312,349637,1,
214312,349637,1,
214312,349637,1,
214312,349637,1,
214312,349637,1,
214312,349637,1,
214312,349637,1,
214312,349637,1,
214312,349637,1,
214312,349637,1,
214312,349637,1,
214312,349637,1,
214312,349637,1,
218311,353636,0,
218312,353637,1,dinucleotide. Only count once
219325,354650,0,
220155,355480,0,
221224,356549,0,
224161,359486,0,
224390,359715,0,
224512,359837,0,
226371,361696,0,
227501,362826,0,
231702,367027,0,
232177,367502,0,
233141,368466,0,